{
  "('uniform_100', 100000, 0.5)": {
    "mem_bpk": 34.99968,
    "inf_ns": 1358.0,
    "con_s": 0.462444
  },
  "('uniform_100', 100000, 0.6)": {
    "mem_bpk": 39.62736,
    "inf_ns": 1131.0,
    "con_s": 0.435
  },
  "('uniform_100', 100000, 0.7)": {
    "mem_bpk": 44.37952,
    "inf_ns": 1342.0,
    "con_s": 0.462615
  },
  "('uniform_100', 100000, 0.8)": {
    "mem_bpk": 49.00736,
    "inf_ns": 1316.0,
    "con_s": 0.518093
  },
  "('uniform_100', 100000, 0.9)": {
    "mem_bpk": 53.63504,
    "inf_ns": 1314.0,
    "con_s": 0.500704
  },
  "('uniform_100', 100000, 0.95)": {
    "mem_bpk": 55.9492,
    "inf_ns": 1431.0,
    "con_s": 0.419455
  },
  "('uniform_100', 100000, 0.99)": {
    "mem_bpk": 57.79984,
    "inf_ns": 1374.0,
    "con_s": 0.445865
  },
  "('uniform_100', 1000000, 0.5)": {
    "mem_bpk": 34.779408,
    "inf_ns": 1304.0,
    "con_s": 1.703225
  },
  "('uniform_100', 1000000, 0.6)": {
    "mem_bpk": 39.406872,
    "inf_ns": 1256.0,
    "con_s": 1.753678
  },
  "('uniform_100', 1000000, 0.7)": {
    "mem_bpk": 44.159392,
    "inf_ns": 1397.0,
    "con_s": 1.62875
  },
  "('uniform_100', 1000000, 0.8)": {
    "mem_bpk": 48.786728,
    "inf_ns": 1915.0,
    "con_s": 1.814896
  },
  "('uniform_100', 1000000, 0.9)": {
    "mem_bpk": 53.414256,
    "inf_ns": 1765.0,
    "con_s": 1.683782
  },
  "('uniform_100', 1000000, 0.95)": {
    "mem_bpk": 55.727904,
    "inf_ns": 1632.0,
    "con_s": 1.740277
  },
  "('uniform_100', 1000000, 0.99)": {
    "mem_bpk": 57.578952,
    "inf_ns": 1698.0,
    "con_s": 1.672582
  },
  "('unique', 100000, 0.5)": {
    "mem_bpk": 43.89456,
    "inf_ns": 2616.0,
    "con_s": 0.55604
  },
  "('unique', 100000, 0.6)": {
    "mem_bpk": 46.67144,
    "inf_ns": 1184.0,
    "con_s": 0.453968
  },
  "('unique', 100000, 0.7)": {
    "mem_bpk": 49.4468,
    "inf_ns": 1322.0,
    "con_s": 0.44797
  },
  "('unique', 100000, 0.8)": {
    "mem_bpk": 52.22408,
    "inf_ns": 1202.0,
    "con_s": 0.408281
  },
  "('unique', 100000, 0.9)": {
    "mem_bpk": 55.00096,
    "inf_ns": 1299.0,
    "con_s": 0.431957
  },
  "('unique', 100000, 0.95)": {
    "mem_bpk": 56.39944,
    "inf_ns": 1389.0,
    "con_s": 0.428643
  },
  "('unique', 100000, 0.99)": {
    "mem_bpk": 57.87992,
    "inf_ns": 1312.0,
    "con_s": 0.425402
  },
  "('unique', 1000000, 0.5)": {
    "mem_bpk": 44.110728,
    "inf_ns": 1807.0,
    "con_s": 1.585377
  },
  "('unique', 1000000, 0.6)": {
    "mem_bpk": 46.887248,
    "inf_ns": 1446.0,
    "con_s": 1.651642
  },
  "('unique', 1000000, 0.7)": {
    "mem_bpk": 49.663664,
    "inf_ns": 1684.0,
    "con_s": 1.745337
  },
  "('unique', 1000000, 0.8)": {
    "mem_bpk": 52.440184,
    "inf_ns": 1706.0,
    "con_s": 1.795896
  },
  "('unique', 1000000, 0.9)": {
    "mem_bpk": 55.216616,
    "inf_ns": 1627.0,
    "con_s": 1.66575
  },
  "('unique', 1000000, 0.95)": {
    "mem_bpk": 56.60488,
    "inf_ns": 1708.0,
    "con_s": 1.596505
  },
  "('unique', 1000000, 0.99)": {
    "mem_bpk": 57.715408,
    "inf_ns": 1698.0,
    "con_s": 1.859366
  },
  "('zipfian', 100000, 0.5)": {
    "mem_bpk": 35.36136,
    "inf_ns": 1349.0,
    "con_s": 0.413875
  },
  "('zipfian', 100000, 0.6)": {
    "mem_bpk": 40.04224,
    "inf_ns": 1537.0,
    "con_s": 0.415489
  },
  "('zipfian', 100000, 0.7)": {
    "mem_bpk": 44.59976,
    "inf_ns": 1708.0,
    "con_s": 0.42517
  },
  "('zipfian', 100000, 0.8)": {
    "mem_bpk": 49.15344,
    "inf_ns": 1354.0,
    "con_s": 0.437411
  },
  "('zipfian', 100000, 0.9)": {
    "mem_bpk": 53.71064,
    "inf_ns": 1650.0,
    "con_s": 0.4665
  },
  "('zipfian', 100000, 0.95)": {
    "mem_bpk": 55.98672,
    "inf_ns": 1303.0,
    "con_s": 0.456354
  },
  "('zipfian', 100000, 0.99)": {
    "mem_bpk": 57.808,
    "inf_ns": 1387.0,
    "con_s": 0.467184
  },
  "('zipfian', 1000000, 0.5)": {
    "mem_bpk": 35.144144,
    "inf_ns": 1604.0,
    "con_s": 1.619654
  },
  "('zipfian', 1000000, 0.6)": {
    "mem_bpk": 39.825016,
    "inf_ns": 1446.0,
    "con_s": 1.924026
  },
  "('zipfian', 1000000, 0.7)": {
    "mem_bpk": 44.37852,
    "inf_ns": 1598.0,
    "con_s": 1.839067
  },
  "('zipfian', 1000000, 0.8)": {
    "mem_bpk": 48.931504,
    "inf_ns": 1747.0,
    "con_s": 1.946395
  },
  "('zipfian', 1000000, 0.9)": {
    "mem_bpk": 53.488576,
    "inf_ns": 1746.0,
    "con_s": 1.85756
  },
  "('zipfian', 1000000, 0.95)": {
    "mem_bpk": 55.764096,
    "inf_ns": 1791.0,
    "con_s": 1.747408
  },
  "('zipfian', 1000000, 0.99)": {
    "mem_bpk": 57.586512,
    "inf_ns": 1598.0,
    "con_s": 1.598376
  }
}