{
  "('uniform_100', 100000, 0.5)": {
    "mem_bpk": 5.0172,
    "inf_ns": 477.0,
    "con_s": 0.341818
  },
  "('uniform_100', 100000, 0.6)": {
    "mem_bpk": 4.27696,
    "inf_ns": 359.0,
    "con_s": 0.288074
  },
  "('uniform_100', 100000, 0.7)": {
    "mem_bpk": 3.53672,
    "inf_ns": 364.0,
    "con_s": 0.233251
  },
  "('uniform_100', 100000, 0.8)": {
    "mem_bpk": 2.79712,
    "inf_ns": 370.0,
    "con_s": 0.21425
  },
  "('uniform_100', 100000, 0.9)": {
    "mem_bpk": 2.05752,
    "inf_ns": 307.0,
    "con_s": 0.180679
  },
  "('uniform_100', 100000, 0.95)": {
    "mem_bpk": 1.68752,
    "inf_ns": 368.0,
    "con_s": 0.178048
  },
  "('uniform_100', 100000, 0.99)": {
    "mem_bpk": 1.39488,
    "inf_ns": 305.0,
    "con_s": 0.169211
  },
  "('uniform_100', 1000000, 0.5)": {
    "mem_bpk": 4.892552,
    "inf_ns": 574.0,
    "con_s": 1.316667
  },
  "('uniform_100', 1000000, 0.6)": {
    "mem_bpk": 4.151672,
    "inf_ns": 615.0,
    "con_s": 1.018156
  },
  "('uniform_100', 1000000, 0.7)": {
    "mem_bpk": 3.410664,
    "inf_ns": 613.0,
    "con_s": 0.706595
  },
  "('uniform_100', 1000000, 0.8)": {
    "mem_bpk": 2.669912,
    "inf_ns": 601.0,
    "con_s": 0.596925
  },
  "('uniform_100', 1000000, 0.9)": {
    "mem_bpk": 1.929096,
    "inf_ns": 605.0,
    "con_s": 0.454636
  },
  "('uniform_100', 1000000, 0.95)": {
    "mem_bpk": 1.558848,
    "inf_ns": 581.0,
    "con_s": 0.46286
  },
  "('uniform_100', 1000000, 0.99)": {
    "mem_bpk": 1.262816,
    "inf_ns": 550.0,
    "con_s": 0.376287
  },
  "('unique', 100000, 0.5)": {
    "mem_bpk": 41.918,
    "inf_ns": 661.0,
    "con_s": 0.554153
  },
  "('unique', 100000, 0.6)": {
    "mem_bpk": 33.64256,
    "inf_ns": 636.0,
    "con_s": 0.449324
  },
  "('unique', 100000, 0.7)": {
    "mem_bpk": 25.39696,
    "inf_ns": 555.0,
    "con_s": 0.352309
  },
  "('unique', 100000, 0.8)": {
    "mem_bpk": 17.23216,
    "inf_ns": 567.0,
    "con_s": 0.263292
  },
  "('unique', 100000, 0.9)": {
    "mem_bpk": 9.13696,
    "inf_ns": 296.0,
    "con_s": 0.204509
  },
  "('unique', 100000, 0.95)": {
    "mem_bpk": 5.14384,
    "inf_ns": 322.0,
    "con_s": 0.173339
  },
  "('unique', 100000, 0.99)": {
    "mem_bpk": 2.00888,
    "inf_ns": 332.0,
    "con_s": 0.160009
  },
  "('unique', 1000000, 0.5)": {
    "mem_bpk": 43.646624,
    "inf_ns": 669.0,
    "con_s": 4.572834
  },
  "('unique', 1000000, 0.6)": {
    "mem_bpk": 35.040576,
    "inf_ns": 876.0,
    "con_s": 3.005264
  },
  "('unique', 1000000, 0.7)": {
    "mem_bpk": 26.434592,
    "inf_ns": 618.0,
    "con_s": 2.388238
  },
  "('unique', 1000000, 0.8)": {
    "mem_bpk": 17.896088,
    "inf_ns": 602.0,
    "con_s": 0.97092
  },
  "('unique', 1000000, 0.9)": {
    "mem_bpk": 9.433632,
    "inf_ns": 654.0,
    "con_s": 0.813931
  },
  "('unique', 1000000, 0.95)": {
    "mem_bpk": 5.257048,
    "inf_ns": 548.0,
    "con_s": 0.568328
  },
  "('unique', 1000000, 0.99)": {
    "mem_bpk": 1.977136,
    "inf_ns": 626.0,
    "con_s": 0.386747
  },
  "('zipfian', 100000, 0.5)": {
    "mem_bpk": 4.9916,
    "inf_ns": 580.0,
    "con_s": 0.242067
  },
  "('zipfian', 100000, 0.6)": {
    "mem_bpk": 4.32856,
    "inf_ns": 679.0,
    "con_s": 0.337738
  },
  "('zipfian', 100000, 0.7)": {
    "mem_bpk": 3.64928,
    "inf_ns": 373.0,
    "con_s": 0.195998
  },
  "('zipfian', 100000, 0.8)": {
    "mem_bpk": 2.9288,
    "inf_ns": 297.0,
    "con_s": 0.171789
  },
  "('zipfian', 100000, 0.9)": {
    "mem_bpk": 2.20472,
    "inf_ns": 333.0,
    "con_s": 0.159884
  },
  "('zipfian', 100000, 0.95)": {
    "mem_bpk": 1.79352,
    "inf_ns": 328.0,
    "con_s": 0.158718
  },
  "('zipfian', 100000, 0.99)": {
    "mem_bpk": 1.39664,
    "inf_ns": 342.0,
    "con_s": 0.178395
  },
  "('zipfian', 1000000, 0.5)": {
    "mem_bpk": 4.315512,
    "inf_ns": 621.0,
    "con_s": 0.689887
  },
  "('zipfian', 1000000, 0.6)": {
    "mem_bpk": 3.730632,
    "inf_ns": 657.0,
    "con_s": 0.611612
  },
  "('zipfian', 1000000, 0.7)": {
    "mem_bpk": 3.129088,
    "inf_ns": 694.0,
    "con_s": 0.487018
  },
  "('zipfian', 1000000, 0.8)": {
    "mem_bpk": 2.5158,
    "inf_ns": 590.0,
    "con_s": 0.474181
  },
  "('zipfian', 1000000, 0.9)": {
    "mem_bpk": 1.899968,
    "inf_ns": 621.0,
    "con_s": 0.48625
  },
  "('zipfian', 1000000, 0.95)": {
    "mem_bpk": 1.564416,
    "inf_ns": 645.0,
    "con_s": 0.462522
  },
  "('zipfian', 1000000, 0.99)": {
    "mem_bpk": 1.283912,
    "inf_ns": 645.0,
    "con_s": 0.469273
  }
}