{
  "dataset": {
    "N": 1000000,
    "alpha": 0.9,
    "target_alpha": 0.9,
    "minority_dist": "zipfian",
    "seed": 42
  },
  "results": [
    {
      "method": "hash_table",
      "construction_time_s": 0.12819795799441636,
      "inference_ns": {
        "mean": 732.58,
        "median": 625.0,
        "std": 433.4349589038706,
        "min": 42.0,
        "max": 2375.0,
        "p95": 1416.0,
        "p99": 1673.0900000000036
      },
      "memory": {
        "theoretical": 12888890,
        "tracemalloc": 168
      },
      "filter_params": null,
      "filter_type": null
    },
    {
      "method": "cpp_hash_table",
      "construction_time_s": 0.151965166995069,
      "inference_ns": {
        "mean": 713.34,
        "median": 542.0,
        "std": 537.7275559240013,
        "min": 167.0,
        "max": 4459.0,
        "p95": 1419.05,
        "p99": 2312.680000000011
      },
      "memory": {
        "theoretical": 12888890,
        "tracemalloc": 168
      },
      "filter_params": null,
      "filter_type": null
    },
    {
      "method": "csf_filter_optimal_binary_fuse",
      "construction_time_s": 0.1634026670071762,
      "inference_ns": {
        "mean": 341.2,
        "median": 333.0,
        "std": 136.4420023306606,
        "min": 208.0,
        "max": 917.0,
        "p95": 625.0,
        "p99": 833.8400000000004
      },
      "memory": {
        "serialized": 151473,
        "csf_stats": {
          "in_memory_bytes": 151293,
          "solution_bytes": 92960.0,
          "filter_bytes": 42240.0,
          "metadata_bytes": 16093.0,
          "bucket_stats": {
            "num_buckets": 213,
            "total_solution_bits": 736510,
            "avg_solution_bits": 3457.7934272300467,
            "min_solution_bits": 3008,
            "max_solution_bits": 3926
          },
          "huffman_stats": {
            "num_unique_symbols": 3097,
            "max_code_length": 18,
            "avg_bits_per_symbol": 17.136906683887634,
            "code_length_distribution": [
              0,
              1,
              1,
              0,
              1,
              1,
              2,
              3,
              6,
              8,
              14,
              20,
              29,
              57,
              96,
              135,
              297,
              330,
              2096
            ]
          },
          "filter_stats": {
            "type": "binary_fuse",
            "size_bytes": 42240,
            "num_elements": 100000,
            "num_hashes": null,
            "size_bits": null,
            "fingerprint_bits": 3
          }
        },
        "tracemalloc": 736
      },
      "filter_params": {
        "fingerprint_bits": 3
      },
      "filter_type": "binary_fuse"
    },
    {
      "method": "csf_filter_shibuya_bloom",
      "construction_time_s": 0.1839520409994293,
      "inference_ns": {
        "mean": 274.66,
        "median": 250.0,
        "std": 76.78414159186778,
        "min": 167.0,
        "max": 542.0,
        "p95": 375.0,
        "p99": 500.4200000000002
      },
      "memory": {
        "serialized": 162260,
        "csf_stats": {
          "in_memory_bytes": 162137,
          "solution_bytes": 95704.0,
          "filter_bytes": 50000.0,
          "metadata_bytes": 16433.0,
          "bucket_stats": {
            "num_buckets": 233,
            "total_solution_bits": 758161,
            "avg_solution_bits": 3253.9098712446353,
            "min_solution_bits": 2777,
            "max_solution_bits": 3606
          },
          "huffman_stats": {
            "num_unique_symbols": 3097,
            "max_code_length": 18,
            "avg_bits_per_symbol": 17.136906683887634,
            "code_length_distribution": [
              0,
              1,
              1,
              0,
              1,
              1,
              2,
              3,
              6,
              8,
              14,
              20,
              29,
              57,
              96,
              135,
              297,
              330,
              2096
            ]
          },
          "filter_stats": {
            "type": "bloom",
            "size_bytes": 50000,
            "num_elements": 0,
            "num_hashes": 3,
            "size_bits": 400000,
            "fingerprint_bits": null
          }
        },
        "tracemalloc": 664
      },
      "filter_params": {
        "bloom_bits_per_element": 4,
        "bloom_num_hashes": 3
      },
      "filter_type": "bloom"
    }
  ]
}