{
  "dataset": {
    "N": 1000000,
    "alpha": 0.8,
    "target_alpha": 0.8,
    "minority_dist": "unique",
    "seed": 42
  },
  "results": [
    {
      "method": "hash_table",
      "construction_time_s": 0.14829775001271628,
      "inference_ns": {
        "mean": 828.8,
        "median": 666.5,
        "std": 671.5401402745781,
        "min": 42.0,
        "max": 5292.0,
        "p95": 1542.0,
        "p99": 3724.830000000008
      },
      "memory": {
        "theoretical": 12888890,
        "tracemalloc": 168
      },
      "filter_params": null,
      "filter_type": null
    },
    {
      "method": "cpp_hash_table",
      "construction_time_s": 0.19377629199880175,
      "inference_ns": {
        "mean": 660.44,
        "median": 583.0,
        "std": 623.6185584153186,
        "min": 167.0,
        "max": 6417.0,
        "p95": 1125.0,
        "p99": 1425.4200000000258
      },
      "memory": {
        "theoretical": 12888890,
        "tracemalloc": 168
      },
      "filter_params": null,
      "filter_type": null
    },
    {
      "method": "csf_filter_optimal_binary_fuse",
      "construction_time_s": 0.5087347090011463,
      "inference_ns": {
        "mean": 403.77,
        "median": 375.0,
        "std": 167.35864811834492,
        "min": 208.0,
        "max": 958.0,
        "p95": 750.0,
        "p99": 834.2500000000007
      },
      "memory": {
        "serialized": 1418910,
        "csf_stats": {
          "in_memory_bytes": 1418730,
          "solution_bytes": 570896.0,
          "filter_bytes": 27648.0,
          "metadata_bytes": 820186.0,
          "bucket_stats": {
            "num_buckets": 1182,
            "total_solution_bits": 4529271,
            "avg_solution_bits": 3831.8705583756346,
            "min_solution_bits": 2966,
            "max_solution_bits": 4679
          },
          "huffman_stats": {
            "num_unique_symbols": 200001,
            "max_code_length": 19,
            "avg_bits_per_symbol": 18.689191554042228,
            "code_length_distribution": [
              0,
              1,
              0,
              0,
              0,
              0,
              0,
              0,
              0,
              0,
              0,
              0,
              0,
              0,
              0,
              0,
              0,
              0,
              62144,
              137856
            ]
          },
          "filter_stats": {
            "type": "binary_fuse",
            "size_bytes": 27648,
            "num_elements": 200000,
            "num_hashes": null,
            "size_bits": null,
            "fingerprint_bits": 1
          }
        },
        "tracemalloc": 736
      },
      "filter_params": {
        "fingerprint_bits": 1
      },
      "filter_type": "binary_fuse"
    },
    {
      "method": "csf_filter_shibuya_bloom",
      "construction_time_s": 0.6070975420007017,
      "inference_ns": {
        "mean": 409.19,
        "median": 375.0,
        "std": 163.02715694018588,
        "min": 208.0,
        "max": 1084.0,
        "p95": 671.1499999999997,
        "p99": 918.6700000000009
      },
      "memory": {
        "serialized": 1461319,
        "csf_stats": {
          "in_memory_bytes": 1461196,
          "solution_bytes": 517880.0,
          "filter_bytes": 125000.0,
          "metadata_bytes": 818316.0,
          "bucket_stats": {
            "num_buckets": 1072,
            "total_solution_bits": 4109073,
            "avg_solution_bits": 3833.090485074627,
            "min_solution_bits": 3052,
            "max_solution_bits": 4768
          },
          "huffman_stats": {
            "num_unique_symbols": 200001,
            "max_code_length": 19,
            "avg_bits_per_symbol": 18.033839830800847,
            "code_length_distribution": [
              0,
              0,
              1,
              0,
              0,
              0,
              0,
              0,
              0,
              0,
              0,
              0,
              0,
              0,
              0,
              0,
              0,
              0,
              193216,
              6784
            ]
          },
          "filter_stats": {
            "type": "bloom",
            "size_bytes": 125000,
            "num_elements": 0,
            "num_hashes": 3,
            "size_bits": 1000000,
            "fingerprint_bits": null
          }
        },
        "tracemalloc": 664
      },
      "filter_params": {
        "bloom_bits_per_element": 5,
        "bloom_num_hashes": 3
      },
      "filter_type": "bloom"
    }
  ]
}