{
  "dataset": {
    "N": 100000,
    "alpha": 0.5,
    "target_alpha": 0.5,
    "minority_dist": "uniform_100",
    "seed": 42
  },
  "results": [
    {
      "method": "hash_table",
      "construction_time_s": 0.01027575001353398,
      "inference_ns": {
        "mean": 417.03,
        "median": 416.0,
        "std": 168.4509100598747,
        "min": 83.0,
        "max": 916.0,
        "p95": 708.0,
        "p99": 875.4100000000002
      },
      "memory": {
        "theoretical": 1188890,
        "tracemalloc": 168
      },
      "filter_params": null,
      "filter_type": null
    },
    {
      "method": "cpp_hash_table",
      "construction_time_s": 0.016820791992358863,
      "inference_ns": {
        "mean": 606.63,
        "median": 625.0,
        "std": 160.79108526283414,
        "min": 250.0,
        "max": 1333.0,
        "p95": 836.0499999999998,
        "p99": 961.7500000000019
      },
      "memory": {
        "theoretical": 1188890,
        "tracemalloc": 168
      },
      "filter_params": null,
      "filter_type": null
    },
    {
      "method": "csf_filter_optimal_binary_fuse",
      "construction_time_s": 0.07821012500789948,
      "inference_ns": {
        "mean": 321.56,
        "median": 292.0,
        "std": 84.17497490347117,
        "min": 208.0,
        "max": 750.0,
        "p95": 500.0,
        "p99": 626.2500000000007
      },
      "memory": {
        "serialized": 65247,
        "csf_stats": {
          "in_memory_bytes": 65067,
          "solution_bytes": 55496.0,
          "filter_bytes": 7168.0,
          "metadata_bytes": 2403.0,
          "bucket_stats": {
            "num_buckets": 115,
            "total_solution_bits": 440319,
            "avg_solution_bits": 3828.8608695652174,
            "min_solution_bits": 3425,
            "max_solution_bits": 4234
          },
          "huffman_stats": {
            "num_unique_symbols": 101,
            "max_code_length": 8,
            "avg_bits_per_symbol": 7.02970297029703,
            "code_length_distribution": [
              0,
              0,
              1,
              0,
              0,
              0,
              0,
              92,
              8
            ]
          },
          "filter_stats": {
            "type": "binary_fuse",
            "size_bytes": 7168,
            "num_elements": 50000,
            "num_hashes": null,
            "size_bits": null,
            "fingerprint_bits": 1
          }
        },
        "tracemalloc": 736
      },
      "filter_params": {
        "fingerprint_bits": 1
      },
      "filter_type": "binary_fuse"
    },
    {
      "method": "csf_filter_shibuya_bloom",
      "construction_time_s": 0.06433166601345874,
      "inference_ns": {
        "mean": 327.82,
        "median": 292.0,
        "std": 66.80933767071785,
        "min": 250.0,
        "max": 500.0,
        "p95": 419.0499999999999,
        "p99": 500.0
      },
      "memory": {
        "serialized": 69003,
        "csf_stats": {
          "in_memory_bytes": 68876,
          "solution_bytes": 54024.0,
          "filter_bytes": 12500.0,
          "metadata_bytes": 2352.0,
          "bucket_stats": {
            "num_buckets": 112,
            "total_solution_bits": 428673,
            "avg_solution_bits": 3827.4375,
            "min_solution_bits": 3208,
            "max_solution_bits": 4210
          },
          "huffman_stats": {
            "num_unique_symbols": 101,
            "max_code_length": 8,
            "avg_bits_per_symbol": 7.02970297029703,
            "code_length_distribution": [
              0,
              0,
              1,
              0,
              0,
              0,
              0,
              92,
              8
            ]
          },
          "filter_stats": {
            "type": "bloom",
            "size_bytes": 12500,
            "num_elements": 0,
            "num_hashes": 1,
            "size_bits": 100000,
            "fingerprint_bits": null
          }
        },
        "tracemalloc": 664
      },
      "filter_params": {
        "bloom_bits_per_element": 2,
        "bloom_num_hashes": 1
      },
      "filter_type": "bloom"
    }
  ]
}