{
  "dataset": {
    "N": 1000000,
    "alpha": 0.8,
    "target_alpha": 0.8,
    "minority_dist": "uniform_100",
    "seed": 42
  },
  "results": [
    {
      "method": "hash_table",
      "construction_time_s": 0.1700538329896517,
      "inference_ns": {
        "mean": 615.78,
        "median": 541.0,
        "std": 370.5081262266727,
        "min": 83.0,
        "max": 1958.0,
        "p95": 1458.05,
        "p99": 1916.4200000000003
      },
      "memory": {
        "theoretical": 12888890,
        "tracemalloc": 168
      },
      "filter_params": null,
      "filter_type": null
    },
    {
      "method": "cpp_hash_table",
      "construction_time_s": 0.1820345830055885,
      "inference_ns": {
        "mean": 783.33,
        "median": 583.0,
        "std": 579.4598183653462,
        "min": 167.0,
        "max": 3500.0,
        "p95": 1843.4499999999994,
        "p99": 2757.5000000000036
      },
      "memory": {
        "theoretical": 12888890,
        "tracemalloc": 168
      },
      "filter_params": null,
      "filter_type": null
    },
    {
      "method": "csf_filter_optimal_binary_fuse",
      "construction_time_s": 0.25295945900143124,
      "inference_ns": {
        "mean": 327.82,
        "median": 292.0,
        "std": 141.41904963617878,
        "min": 166.0,
        "max": 792.0,
        "p95": 586.0499999999998,
        "p99": 709.8300000000004
      },
      "memory": {
        "serialized": 305989,
        "csf_stats": {
          "in_memory_bytes": 305809,
          "solution_bytes": 267496.0,
          "filter_bytes": 27648.0,
          "metadata_bytes": 10665.0,
          "bucket_stats": {
            "num_buckets": 601,
            "total_solution_bits": 2120775,
            "avg_solution_bits": 3528.7437603993344,
            "min_solution_bits": 3009,
            "max_solution_bits": 4062
          },
          "huffman_stats": {
            "num_unique_symbols": 101,
            "max_code_length": 8,
            "avg_bits_per_symbol": 7.653465346534653,
            "code_length_distribution": [
              0,
              1,
              0,
              0,
              0,
              0,
              0,
              28,
              72
            ]
          },
          "filter_stats": {
            "type": "binary_fuse",
            "size_bytes": 27648,
            "num_elements": 200000,
            "num_hashes": null,
            "size_bits": null,
            "fingerprint_bits": 1
          }
        },
        "tracemalloc": 736
      },
      "filter_params": {
        "fingerprint_bits": 1
      },
      "filter_type": "binary_fuse"
    },
    {
      "method": "csf_filter_shibuya_bloom",
      "construction_time_s": 0.28908875002525747,
      "inference_ns": {
        "mean": 380.32,
        "median": 375.0,
        "std": 104.84911826047941,
        "min": 250.0,
        "max": 750.0,
        "p95": 583.0,
        "p99": 708.4200000000002
      },
      "memory": {
        "serialized": 335618,
        "csf_stats": {
          "in_memory_bytes": 335495,
          "solution_bytes": 227040.0,
          "filter_bytes": 100000.0,
          "metadata_bytes": 8455.0,
          "bucket_stats": {
            "num_buckets": 471,
            "total_solution_bits": 1801778,
            "avg_solution_bits": 3825.430997876858,
            "min_solution_bits": 3285,
            "max_solution_bits": 4280
          },
          "huffman_stats": {
            "num_unique_symbols": 101,
            "max_code_length": 8,
            "avg_bits_per_symbol": 7.02970297029703,
            "code_length_distribution": [
              0,
              0,
              1,
              0,
              0,
              0,
              0,
              92,
              8
            ]
          },
          "filter_stats": {
            "type": "bloom",
            "size_bytes": 100000,
            "num_elements": 0,
            "num_hashes": 3,
            "size_bits": 800000,
            "fingerprint_bits": null
          }
        },
        "tracemalloc": 664
      },
      "filter_params": {
        "bloom_bits_per_element": 4,
        "bloom_num_hashes": 3
      },
      "filter_type": "bloom"
    }
  ]
}