{
  "dataset": {
    "N": 1000000,
    "alpha": 0.95,
    "target_alpha": 0.95,
    "minority_dist": "zipfian",
    "seed": 42
  },
  "results": [
    {
      "method": "hash_table",
      "construction_time_s": 0.1231475840031635,
      "inference_ns": {
        "mean": 861.17,
        "median": 708.0,
        "std": 492.99578203063766,
        "min": 42.0,
        "max": 2208.0,
        "p95": 1667.0,
        "p99": 1713.0000000000025
      },
      "memory": {
        "theoretical": 12888890,
        "tracemalloc": 168
      },
      "filter_params": null,
      "filter_type": null
    },
    {
      "method": "cpp_hash_table",
      "construction_time_s": 0.14894879100029357,
      "inference_ns": {
        "mean": 780.46,
        "median": 583.5,
        "std": 465.46154341685417,
        "min": 167.0,
        "max": 2709.0,
        "p95": 1551.4499999999994,
        "p99": 2090.250000000003
      },
      "memory": {
        "theoretical": 12888890,
        "tracemalloc": 168
      },
      "filter_params": null,
      "filter_type": null
    },
    {
      "method": "csf_filter_optimal_binary_fuse",
      "construction_time_s": 0.14323237500502728,
      "inference_ns": {
        "mean": 214.2,
        "median": 167.0,
        "std": 84.65246600070195,
        "min": 125.0,
        "max": 584.0,
        "p95": 377.0999999999999,
        "p99": 500.84000000000043
      },
      "memory": {
        "serialized": 84842,
        "csf_stats": {
          "in_memory_bytes": 84662,
          "solution_bytes": 46512.0,
          "filter_bytes": 28672.0,
          "metadata_bytes": 9478.0,
          "bucket_stats": {
            "num_buckets": 110,
            "total_solution_bits": 368558,
            "avg_solution_bits": 3350.5272727272727,
            "min_solution_bits": 2977,
            "max_solution_bits": 3716
          },
          "huffman_stats": {
            "num_unique_symbols": 1882,
            "max_code_length": 17,
            "avg_bits_per_symbol": 16.096705632306058,
            "code_length_distribution": [
              0,
              1,
              1,
              0,
              1,
              1,
              2,
              3,
              5,
              9,
              17,
              17,
              35,
              57,
              98,
              176,
              205,
              1254
            ]
          },
          "filter_stats": {
            "type": "binary_fuse",
            "size_bytes": 28672,
            "num_elements": 50000,
            "num_hashes": null,
            "size_bits": null,
            "fingerprint_bits": 4
          }
        },
        "tracemalloc": 736
      },
      "filter_params": {
        "fingerprint_bits": 4
      },
      "filter_type": "binary_fuse"
    },
    {
      "method": "csf_filter_shibuya_bloom",
      "construction_time_s": 0.15921958297258243,
      "inference_ns": {
        "mean": 273.02,
        "median": 250.0,
        "std": 97.72901104585065,
        "min": 166.0,
        "max": 833.0,
        "p95": 458.05,
        "p99": 544.9100000000014
      },
      "memory": {
        "serialized": 92570,
        "csf_stats": {
          "in_memory_bytes": 92443,
          "solution_bytes": 45584.0,
          "filter_bytes": 37500.0,
          "metadata_bytes": 9359.0,
          "bucket_stats": {
            "num_buckets": 103,
            "total_solution_bits": 361475,
            "avg_solution_bits": 3509.4660194174758,
            "min_solution_bits": 3094,
            "max_solution_bits": 3950
          },
          "huffman_stats": {
            "num_unique_symbols": 1882,
            "max_code_length": 17,
            "avg_bits_per_symbol": 16.096705632306058,
            "code_length_distribution": [
              0,
              1,
              1,
              0,
              1,
              1,
              2,
              3,
              5,
              9,
              17,
              17,
              35,
              57,
              98,
              176,
              205,
              1254
            ]
          },
          "filter_stats": {
            "type": "bloom",
            "size_bytes": 37500,
            "num_elements": 0,
            "num_hashes": 4,
            "size_bits": 300000,
            "fingerprint_bits": null
          }
        },
        "tracemalloc": 664
      },
      "filter_params": {
        "bloom_bits_per_element": 6,
        "bloom_num_hashes": 4
      },
      "filter_type": "bloom"
    }
  ]
}