{
  "dataset": {
    "N": 100000,
    "alpha": 0.6,
    "target_alpha": 0.6,
    "minority_dist": "zipfian",
    "seed": 42
  },
  "results": [
    {
      "method": "hash_table",
      "construction_time_s": 0.007316458009881899,
      "inference_ns": {
        "mean": 382.86,
        "median": 416.0,
        "std": 154.07128350215038,
        "min": 41.0,
        "max": 916.0,
        "p95": 667.0,
        "p99": 793.2400000000007
      },
      "memory": {
        "theoretical": 1188890,
        "tracemalloc": 168
      },
      "filter_params": null,
      "filter_type": null
    },
    {
      "method": "cpp_hash_table",
      "construction_time_s": 0.013692208012798801,
      "inference_ns": {
        "mean": 507.54,
        "median": 500.0,
        "std": 134.30885451078794,
        "min": 208.0,
        "max": 1000.0,
        "p95": 709.0,
        "p99": 752.5000000000013
      },
      "memory": {
        "theoretical": 1188890,
        "tracemalloc": 168
      },
      "filter_params": null,
      "filter_type": null
    },
    {
      "method": "csf_filter_optimal_binary_fuse",
      "construction_time_s": 0.04124449999653734,
      "inference_ns": {
        "mean": 273.66,
        "median": 250.0,
        "std": 87.6808097590345,
        "min": 208.0,
        "max": 625.0,
        "p95": 500.0,
        "p99": 542.8300000000004
      },
      "memory": {
        "serialized": 48531,
        "csf_stats": {
          "in_memory_bytes": 48351,
          "solution_bytes": 34704.0,
          "filter_bytes": 5824.0,
          "metadata_bytes": 7823.0,
          "bucket_stats": {
            "num_buckets": 71,
            "total_solution_bits": 275445,
            "avg_solution_bits": 3879.507042253521,
            "min_solution_bits": 3244,
            "max_solution_bits": 4360
          },
          "huffman_stats": {
            "num_unique_symbols": 1634,
            "max_code_length": 17,
            "avg_bits_per_symbol": 16.046511627906977,
            "code_length_distribution": [
              0,
              1,
              1,
              0,
              1,
              1,
              2,
              4,
              4,
              9,
              15,
              20,
              33,
              64,
              94,
              115,
              174,
              1096
            ]
          },
          "filter_stats": {
            "type": "binary_fuse",
            "size_bytes": 5824,
            "num_elements": 40000,
            "num_hashes": null,
            "size_bits": null,
            "fingerprint_bits": 1
          }
        },
        "tracemalloc": 736
      },
      "filter_params": {
        "fingerprint_bits": 1
      },
      "filter_type": "binary_fuse"
    },
    {
      "method": "csf_filter_shibuya_bloom",
      "construction_time_s": 0.038833667000290006,
      "inference_ns": {
        "mean": 290.78,
        "median": 250.0,
        "std": 78.84156010632971,
        "min": 208.0,
        "max": 625.0,
        "p95": 417.0,
        "p99": 583.4200000000002
      },
      "memory": {
        "serialized": 51572,
        "csf_stats": {
          "in_memory_bytes": 51449,
          "solution_bytes": 33664.0,
          "filter_bytes": 10000.0,
          "metadata_bytes": 7785.0,
          "bucket_stats": {
            "num_buckets": 69,
            "total_solution_bits": 267148,
            "avg_solution_bits": 3871.710144927536,
            "min_solution_bits": 3331,
            "max_solution_bits": 4357
          },
          "huffman_stats": {
            "num_unique_symbols": 1634,
            "max_code_length": 16,
            "avg_bits_per_symbol": 15.048347613219095,
            "code_length_distribution": [
              0,
              0,
              2,
              1,
              1,
              2,
              4,
              4,
              9,
              15,
              20,
              33,
              64,
              94,
              115,
              174,
              1096
            ]
          },
          "filter_stats": {
            "type": "bloom",
            "size_bytes": 10000,
            "num_elements": 0,
            "num_hashes": 1,
            "size_bits": 80000,
            "fingerprint_bits": null
          }
        },
        "tracemalloc": 664
      },
      "filter_params": {
        "bloom_bits_per_element": 2,
        "bloom_num_hashes": 1
      },
      "filter_type": "bloom"
    }
  ]
}