{
  "dataset": {
    "N": 100000,
    "alpha": 0.95,
    "target_alpha": 0.95,
    "minority_dist": "zipfian",
    "seed": 42
  },
  "results": [
    {
      "method": "hash_table",
      "construction_time_s": 0.007392208994133398,
      "inference_ns": {
        "mean": 401.64,
        "median": 416.0,
        "std": 154.32080352305064,
        "min": 41.0,
        "max": 875.0,
        "p95": 667.0,
        "p99": 833.4200000000002
      },
      "memory": {
        "theoretical": 1188890,
        "tracemalloc": 168
      },
      "filter_params": null,
      "filter_type": null
    },
    {
      "method": "cpp_hash_table",
      "construction_time_s": 0.012198875017929822,
      "inference_ns": {
        "mean": 489.61,
        "median": 500.0,
        "std": 128.82421317438738,
        "min": 166.0,
        "max": 959.0,
        "p95": 667.0,
        "p99": 752.090000000001
      },
      "memory": {
        "theoretical": 1188890,
        "tracemalloc": 168
      },
      "filter_params": null,
      "filter_type": null
    },
    {
      "method": "csf_filter_optimal_binary_fuse",
      "construction_time_s": 0.015838291990803555,
      "inference_ns": {
        "mean": 185.45,
        "median": 167.0,
        "std": 50.436767342881915,
        "min": 125.0,
        "max": 500.0,
        "p95": 250.0,
        "p99": 417.83000000000044
      },
      "memory": {
        "serialized": 9916,
        "csf_stats": {
          "in_memory_bytes": 9736,
          "solution_bytes": 4592.0,
          "filter_bytes": 3136.0,
          "metadata_bytes": 2008.0,
          "bucket_stats": {
            "num_buckets": 12,
            "total_solution_bits": 36316,
            "avg_solution_bits": 3026.3333333333335,
            "min_solution_bits": 2790,
            "max_solution_bits": 3302
          },
          "huffman_stats": {
            "num_unique_symbols": 434,
            "max_code_length": 14,
            "avg_bits_per_symbol": 13.110599078341014,
            "code_length_distribution": [
              0,
              1,
              1,
              0,
              1,
              1,
              2,
              4,
              5,
              11,
              11,
              25,
              22,
              50,
              300
            ]
          },
          "filter_stats": {
            "type": "binary_fuse",
            "size_bytes": 3136,
            "num_elements": 5000,
            "num_hashes": null,
            "size_bits": null,
            "fingerprint_bits": 4
          }
        },
        "tracemalloc": 608
      },
      "filter_params": {
        "fingerprint_bits": 4
      },
      "filter_type": "binary_fuse"
    },
    {
      "method": "csf_filter_shibuya_bloom",
      "construction_time_s": 0.021942708001006395,
      "inference_ns": {
        "mean": 233.88,
        "median": 209.0,
        "std": 61.401837106067106,
        "min": 167.0,
        "max": 583.0,
        "p95": 375.0,
        "p99": 500.83000000000044
      },
      "memory": {
        "serialized": 10346,
        "csf_stats": {
          "in_memory_bytes": 10221,
          "solution_bytes": 4480.0,
          "filter_bytes": 3750.0,
          "metadata_bytes": 1991.0,
          "bucket_stats": {
            "num_buckets": 11,
            "total_solution_bits": 35605,
            "avg_solution_bits": 3236.818181818182,
            "min_solution_bits": 2940,
            "max_solution_bits": 3675
          },
          "huffman_stats": {
            "num_unique_symbols": 434,
            "max_code_length": 14,
            "avg_bits_per_symbol": 13.110599078341014,
            "code_length_distribution": [
              0,
              1,
              1,
              0,
              1,
              1,
              2,
              4,
              5,
              11,
              11,
              25,
              22,
              50,
              300
            ]
          },
          "filter_stats": {
            "type": "bloom",
            "size_bytes": 3750,
            "num_elements": 0,
            "num_hashes": 4,
            "size_bits": 30000,
            "fingerprint_bits": null
          }
        },
        "tracemalloc": 664
      },
      "filter_params": {
        "bloom_bits_per_element": 6,
        "bloom_num_hashes": 4
      },
      "filter_type": "bloom"
    }
  ]
}