{
  "dataset": {
    "N": 1000000,
    "alpha": 0.5,
    "target_alpha": 0.5,
    "minority_dist": "zipfian",
    "seed": 42
  },
  "results": [
    {
      "method": "hash_table",
      "construction_time_s": 0.12089966601342894,
      "inference_ns": {
        "mean": 502.06,
        "median": 417.0,
        "std": 290.8545279001171,
        "min": 42.0,
        "max": 1625.0,
        "p95": 1044.05,
        "p99": 1377.5000000000014
      },
      "memory": {
        "theoretical": 12888890,
        "tracemalloc": 168
      },
      "filter_params": null,
      "filter_type": null
    },
    {
      "method": "cpp_hash_table",
      "construction_time_s": 0.1491417920042295,
      "inference_ns": {
        "mean": 721.73,
        "median": 604.5,
        "std": 391.83595687481255,
        "min": 167.0,
        "max": 2250.0,
        "p95": 1379.1499999999999,
        "p99": 2002.5000000000014
      },
      "memory": {
        "theoretical": 12888890,
        "tracemalloc": 168
      },
      "filter_params": null,
      "filter_type": null
    },
    {
      "method": "csf_filter_optimal_binary_fuse",
      "construction_time_s": 0.3728134580014739,
      "inference_ns": {
        "mean": 393.72,
        "median": 375.0,
        "std": 100.74076434095585,
        "min": 208.0,
        "max": 666.0,
        "p95": 625.0,
        "p99": 625.4100000000002
      },
      "memory": {
        "serialized": 532410,
        "csf_stats": {
          "in_memory_bytes": 532230,
          "solution_bytes": 414504.0,
          "filter_bytes": 67584.0,
          "metadata_bytes": 50142.0,
          "bucket_stats": {
            "num_buckets": 858,
            "total_solution_bits": 3288547,
            "avg_solution_bits": 3832.805361305361,
            "min_solution_bits": 3337,
            "max_solution_bits": 4330
          },
          "huffman_stats": {
            "num_unique_symbols": 8867,
            "max_code_length": 19,
            "avg_bits_per_symbol": 18.20221044321642,
            "code_length_distribution": [
              0,
              0,
              2,
              1,
              1,
              2,
              3,
              6,
              8,
              12,
              21,
              32,
              51,
              89,
              131,
              233,
              391,
              582,
              1402,
              5900
            ]
          },
          "filter_stats": {
            "type": "binary_fuse",
            "size_bytes": 67584,
            "num_elements": 500000,
            "num_hashes": null,
            "size_bits": null,
            "fingerprint_bits": 1
          }
        },
        "tracemalloc": 736
      },
      "filter_params": {
        "fingerprint_bits": 1
      },
      "filter_type": "binary_fuse"
    },
    {
      "method": "csf_filter_shibuya_bloom",
      "construction_time_s": 0.4141370410216041,
      "inference_ns": {
        "mean": 432.07,
        "median": 375.0,
        "std": 315.71563961894566,
        "min": 208.0,
        "max": 3417.0,
        "p95": 584.0,
        "p99": 693.5100000000141
      },
      "memory": {
        "serialized": 574378,
        "csf_stats": {
          "in_memory_bytes": 574255,
          "solution_bytes": 399640.0,
          "filter_bytes": 125000.0,
          "metadata_bytes": 49615.0,
          "bucket_stats": {
            "num_buckets": 827,
            "total_solution_bits": 3171465,
            "avg_solution_bits": 3834.903264812576,
            "min_solution_bits": 3339,
            "max_solution_bits": 4441
          },
          "huffman_stats": {
            "num_unique_symbols": 8867,
            "max_code_length": 19,
            "avg_bits_per_symbol": 18.20221044321642,
            "code_length_distribution": [
              0,
              0,
              2,
              1,
              1,
              2,
              3,
              6,
              8,
              12,
              21,
              32,
              51,
              89,
              131,
              233,
              391,
              582,
              1402,
              5900
            ]
          },
          "filter_stats": {
            "type": "bloom",
            "size_bytes": 125000,
            "num_elements": 0,
            "num_hashes": 1,
            "size_bits": 1000000,
            "fingerprint_bits": null
          }
        },
        "tracemalloc": 664
      },
      "filter_params": {
        "bloom_bits_per_element": 2,
        "bloom_num_hashes": 1
      },
      "filter_type": "bloom"
    }
  ]
}