{
  "dataset": {
    "N": 1000000,
    "alpha": 0.7,
    "target_alpha": 0.7,
    "minority_dist": "zipfian",
    "seed": 42
  },
  "results": [
    {
      "method": "hash_table",
      "construction_time_s": 0.13490133298910223,
      "inference_ns": {
        "mean": 610.87,
        "median": 542.0,
        "std": 358.6168890334085,
        "min": 42.0,
        "max": 1875.0,
        "p95": 1252.1,
        "p99": 1627.5000000000014
      },
      "memory": {
        "theoretical": 12888890,
        "tracemalloc": 168
      },
      "filter_params": null,
      "filter_type": null
    },
    {
      "method": "cpp_hash_table",
      "construction_time_s": 0.1698685419978574,
      "inference_ns": {
        "mean": 638.39,
        "median": 542.0,
        "std": 539.675845207102,
        "min": 167.0,
        "max": 5250.0,
        "p95": 1127.1,
        "p99": 1949.340000000017
      },
      "memory": {
        "theoretical": 12888890,
        "tracemalloc": 168
      },
      "filter_params": null,
      "filter_type": null
    },
    {
      "method": "csf_filter_optimal_binary_fuse",
      "construction_time_s": 0.28509729099459946,
      "inference_ns": {
        "mean": 340.83,
        "median": 333.0,
        "std": 104.25430974305092,
        "min": 167.0,
        "max": 708.0,
        "p95": 502.0999999999999,
        "p99": 625.8300000000004
      },
      "memory": {
        "serialized": 358966,
        "csf_stats": {
          "in_memory_bytes": 358786,
          "solution_bytes": 281480.0,
          "filter_bytes": 40960.0,
          "metadata_bytes": 36346.0,
          "bucket_stats": {
            "num_buckets": 650,
            "total_solution_bits": 2230648,
            "avg_solution_bits": 3431.766153846154,
            "min_solution_bits": 2834,
            "max_solution_bits": 3999
          },
          "huffman_stats": {
            "num_unique_symbols": 6301,
            "max_code_length": 20,
            "avg_bits_per_symbol": 19.044119980955404,
            "code_length_distribution": [
              0,
              1,
              1,
              0,
              1,
              1,
              2,
              4,
              5,
              7,
              15,
              19,
              31,
              52,
              89,
              134,
              219,
              345,
              495,
              700,
              4180
            ]
          },
          "filter_stats": {
            "type": "binary_fuse",
            "size_bytes": 40960,
            "num_elements": 300000,
            "num_hashes": null,
            "size_bits": null,
            "fingerprint_bits": 1
          }
        },
        "tracemalloc": 736
      },
      "filter_params": {
        "fingerprint_bits": 1
      },
      "filter_type": "binary_fuse"
    },
    {
      "method": "csf_filter_shibuya_bloom",
      "construction_time_s": 0.28982916701352224,
      "inference_ns": {
        "mean": 361.61,
        "median": 334.0,
        "std": 101.69797392278765,
        "min": 208.0,
        "max": 709.0,
        "p95": 544.0499999999998,
        "p99": 666.4300000000002
      },
      "memory": {
        "serialized": 399698,
        "csf_stats": {
          "in_memory_bytes": 399571,
          "solution_bytes": 252888.0,
          "filter_bytes": 112500.0,
          "metadata_bytes": 34183.0,
          "bucket_stats": {
            "num_buckets": 523,
            "total_solution_bits": 2006106,
            "avg_solution_bits": 3835.7667304015295,
            "min_solution_bits": 3375,
            "max_solution_bits": 4364
          },
          "huffman_stats": {
            "num_unique_symbols": 6301,
            "max_code_length": 19,
            "avg_bits_per_symbol": 18.044596095857802,
            "code_length_distribution": [
              0,
              0,
              2,
              1,
              1,
              2,
              4,
              5,
              7,
              15,
              19,
              31,
              52,
              89,
              134,
              219,
              345,
              495,
              700,
              4180
            ]
          },
          "filter_stats": {
            "type": "bloom",
            "size_bytes": 112500,
            "num_elements": 0,
            "num_hashes": 2,
            "size_bits": 900000,
            "fingerprint_bits": null
          }
        },
        "tracemalloc": 664
      },
      "filter_params": {
        "bloom_bits_per_element": 3,
        "bloom_num_hashes": 2
      },
      "filter_type": "bloom"
    }
  ]
}