{
  "dataset": {
    "N": 1000000,
    "alpha": 0.7,
    "target_alpha": 0.7,
    "minority_dist": "unique",
    "seed": 42
  },
  "results": [
    {
      "method": "hash_table",
      "construction_time_s": 0.19807333400240168,
      "inference_ns": {
        "mean": 934.92,
        "median": 666.5,
        "std": 1227.8850327290415,
        "min": 42.0,
        "max": 11875.0,
        "p95": 1685.699999999999,
        "p99": 3625.3300000000427
      },
      "memory": {
        "theoretical": 12888890,
        "tracemalloc": 168
      },
      "filter_params": null,
      "filter_type": null
    },
    {
      "method": "cpp_hash_table",
      "construction_time_s": 0.19683966698357835,
      "inference_ns": {
        "mean": 654.97,
        "median": 583.0,
        "std": 662.0578140162685,
        "min": 167.0,
        "max": 6917.0,
        "p95": 881.2499999999997,
        "p99": 1348.2500000000289
      },
      "memory": {
        "theoretical": 12888890,
        "tracemalloc": 168
      },
      "filter_params": null,
      "filter_type": null
    },
    {
      "method": "csf_filter_optimal_binary_fuse",
      "construction_time_s": 0.6738628330058418,
      "inference_ns": {
        "mean": 514.92,
        "median": 458.0,
        "std": 181.07112856554465,
        "min": 250.0,
        "max": 1083.0,
        "p95": 833.0,
        "p99": 1000.8300000000004
      },
      "memory": {
        "serialized": 2116370,
        "csf_stats": {
          "in_memory_bytes": 2116190,
          "solution_bytes": 845384.0,
          "filter_bytes": 40960.0,
          "metadata_bytes": 1229846.0,
          "bucket_stats": {
            "num_buckets": 1750,
            "total_solution_bits": 6706439,
            "avg_solution_bits": 3832.250857142857,
            "min_solution_bits": 2977,
            "max_solution_bits": 4791
          },
          "huffman_stats": {
            "num_unique_symbols": 300001,
            "max_code_length": 20,
            "avg_bits_per_symbol": 19.252312492291694,
            "code_length_distribution": [
              0,
              1,
              0,
              0,
              0,
              0,
              0,
              0,
              0,
              0,
              0,
              0,
              0,
              0,
              0,
              0,
              0,
              0,
              0,
              224288,
              75712
            ]
          },
          "filter_stats": {
            "type": "binary_fuse",
            "size_bytes": 40960,
            "num_elements": 300000,
            "num_hashes": null,
            "size_bits": null,
            "fingerprint_bits": 1
          }
        },
        "tracemalloc": 736
      },
      "filter_params": {
        "fingerprint_bits": 1
      },
      "filter_type": "binary_fuse"
    },
    {
      "method": "csf_filter_shibuya_bloom",
      "construction_time_s": 0.9840808750013821,
      "inference_ns": {
        "mean": 499.16,
        "median": 417.0,
        "std": 197.99973333315376,
        "min": 291.0,
        "max": 1042.0,
        "p95": 877.0499999999998,
        "p99": 1000.4200000000002
      },
      "memory": {
        "serialized": 2206909,
        "csf_stats": {
          "in_memory_bytes": 2206782,
          "solution_bytes": 791344.0,
          "filter_bytes": 187500.0,
          "metadata_bytes": 1227938.0,
          "bucket_stats": {
            "num_buckets": 1638,
            "total_solution_bits": 6278544,
            "avg_solution_bits": 3833.054945054945,
            "min_solution_bits": 2922,
            "max_solution_bits": 4687
          },
          "huffman_stats": {
            "num_unique_symbols": 300001,
            "max_code_length": 19,
            "avg_bits_per_symbol": 18.470775097416343,
            "code_length_distribution": [
              0,
              0,
              0,
              1,
              0,
              0,
              0,
              0,
              0,
              0,
              0,
              0,
              0,
              0,
              0,
              0,
              0,
              0,
              158752,
              141248
            ]
          },
          "filter_stats": {
            "type": "bloom",
            "size_bytes": 187500,
            "num_elements": 0,
            "num_hashes": 3,
            "size_bits": 1500000,
            "fingerprint_bits": null
          }
        },
        "tracemalloc": 664
      },
      "filter_params": {
        "bloom_bits_per_element": 5,
        "bloom_num_hashes": 3
      },
      "filter_type": "bloom"
    }
  ]
}