{
  "dataset": {
    "N": 100000,
    "alpha": 0.7,
    "target_alpha": 0.7,
    "minority_dist": "uniform_100",
    "seed": 42
  },
  "results": [
    {
      "method": "hash_table",
      "construction_time_s": 0.009782334003830329,
      "inference_ns": {
        "mean": 407.12,
        "median": 417.0,
        "std": 155.95308781809996,
        "min": 42.0,
        "max": 958.0,
        "p95": 627.0999999999999,
        "p99": 916.4200000000002
      },
      "memory": {
        "theoretical": 1188890,
        "tracemalloc": 168
      },
      "filter_params": null,
      "filter_type": null
    },
    {
      "method": "cpp_hash_table",
      "construction_time_s": 0.01545149998855777,
      "inference_ns": {
        "mean": 544.62,
        "median": 542.0,
        "std": 132.34800942968505,
        "min": 209.0,
        "max": 1000.0,
        "p95": 792.0,
        "p99": 835.6600000000009
      },
      "memory": {
        "theoretical": 1188890,
        "tracemalloc": 168
      },
      "filter_params": null,
      "filter_type": null
    },
    {
      "method": "csf_filter_optimal_binary_fuse",
      "construction_time_s": 0.04643750001559965,
      "inference_ns": {
        "mean": 305.31,
        "median": 250.0,
        "std": 103.38942837640606,
        "min": 208.0,
        "max": 791.0,
        "p95": 502.0999999999999,
        "p99": 667.2500000000007
      },
      "memory": {
        "serialized": 42912,
        "csf_stats": {
          "in_memory_bytes": 42732,
          "solution_bytes": 36576.0,
          "filter_bytes": 4416.0,
          "metadata_bytes": 1740.0,
          "bucket_stats": {
            "num_buckets": 76,
            "total_solution_bits": 290440,
            "avg_solution_bits": 3821.5789473684213,
            "min_solution_bits": 3293,
            "max_solution_bits": 4190
          },
          "huffman_stats": {
            "num_unique_symbols": 101,
            "max_code_length": 8,
            "avg_bits_per_symbol": 7.653465346534653,
            "code_length_distribution": [
              0,
              1,
              0,
              0,
              0,
              0,
              0,
              28,
              72
            ]
          },
          "filter_stats": {
            "type": "binary_fuse",
            "size_bytes": 4416,
            "num_elements": 30000,
            "num_hashes": null,
            "size_bits": null,
            "fingerprint_bits": 1
          }
        },
        "tracemalloc": 736
      },
      "filter_params": {
        "fingerprint_bits": 1
      },
      "filter_type": "binary_fuse"
    },
    {
      "method": "csf_filter_shibuya_bloom",
      "construction_time_s": 0.04112187499413267,
      "inference_ns": {
        "mean": 304.16,
        "median": 270.5,
        "std": 82.84089811198331,
        "min": 208.0,
        "max": 709.0,
        "p95": 419.0499999999999,
        "p99": 543.6700000000009
      },
      "memory": {
        "serialized": 46777,
        "csf_stats": {
          "in_memory_bytes": 46648,
          "solution_bytes": 33760.0,
          "filter_bytes": 11250.0,
          "metadata_bytes": 1638.0,
          "bucket_stats": {
            "num_buckets": 70,
            "total_solution_bits": 267916,
            "avg_solution_bits": 3827.3714285714286,
            "min_solution_bits": 3365,
            "max_solution_bits": 4231
          },
          "huffman_stats": {
            "num_unique_symbols": 101,
            "max_code_length": 8,
            "avg_bits_per_symbol": 7.02970297029703,
            "code_length_distribution": [
              0,
              0,
              1,
              0,
              0,
              0,
              0,
              92,
              8
            ]
          },
          "filter_stats": {
            "type": "bloom",
            "size_bytes": 11250,
            "num_elements": 0,
            "num_hashes": 2,
            "size_bits": 90000,
            "fingerprint_bits": null
          }
        },
        "tracemalloc": 664
      },
      "filter_params": {
        "bloom_bits_per_element": 3,
        "bloom_num_hashes": 2
      },
      "filter_type": "bloom"
    }
  ]
}