{
  "dataset": {
    "N": 1000000,
    "alpha": 0.8,
    "target_alpha": 0.8,
    "minority_dist": "zipfian",
    "seed": 42
  },
  "results": [
    {
      "method": "hash_table",
      "construction_time_s": 0.1376798750134185,
      "inference_ns": {
        "mean": 658.36,
        "median": 542.0,
        "std": 458.5227261543314,
        "min": 42.0,
        "max": 3292.0,
        "p95": 1427.3999999999994,
        "p99": 1765.4200000000078
      },
      "memory": {
        "theoretical": 12888890,
        "tracemalloc": 168
      },
      "filter_params": null,
      "filter_type": null
    },
    {
      "method": "cpp_hash_table",
      "construction_time_s": 0.15884566699969582,
      "inference_ns": {
        "mean": 798.77,
        "median": 583.0,
        "std": 620.1814872277307,
        "min": 167.0,
        "max": 5000.0,
        "p95": 1752.1,
        "p99": 2525.0000000000127
      },
      "memory": {
        "theoretical": 12888890,
        "tracemalloc": 168
      },
      "filter_params": null,
      "filter_type": null
    },
    {
      "method": "csf_filter_optimal_binary_fuse",
      "construction_time_s": 0.20519425001111813,
      "inference_ns": {
        "mean": 330.29,
        "median": 291.0,
        "std": 271.5535414978048,
        "min": 166.0,
        "max": 2708.0,
        "p95": 583.0,
        "p99": 686.4200000000104
      },
      "memory": {
        "serialized": 267976,
        "csf_stats": {
          "in_memory_bytes": 267796,
          "solution_bytes": 210760.0,
          "filter_bytes": 27648.0,
          "metadata_bytes": 29388.0,
          "bucket_stats": {
            "num_buckets": 600,
            "total_solution_bits": 1666450,
            "avg_solution_bits": 2777.4166666666665,
            "min_solution_bits": 2330,
            "max_solution_bits": 3244
          },
          "huffman_stats": {
            "num_unique_symbols": 4775,
            "max_code_length": 19,
            "avg_bits_per_symbol": 18.110366492146596,
            "code_length_distribution": [
              0,
              1,
              1,
              0,
              1,
              1,
              2,
              3,
              6,
              8,
              13,
              22,
              32,
              55,
              89,
              128,
              229,
              467,
              551,
              3166
            ]
          },
          "filter_stats": {
            "type": "binary_fuse",
            "size_bytes": 27648,
            "num_elements": 200000,
            "num_hashes": null,
            "size_bits": null,
            "fingerprint_bits": 1
          }
        },
        "tracemalloc": 736
      },
      "filter_params": {
        "fingerprint_bits": 1
      },
      "filter_type": "binary_fuse"
    },
    {
      "method": "csf_filter_shibuya_bloom",
      "construction_time_s": 0.23522129200864583,
      "inference_ns": {
        "mean": 323.08,
        "median": 312.5,
        "std": 109.00923630592042,
        "min": 166.0,
        "max": 667.0,
        "p95": 542.0,
        "p99": 625.4200000000002
      },
      "memory": {
        "serialized": 281741,
        "csf_stats": {
          "in_memory_bytes": 281618,
          "solution_bytes": 180800.0,
          "filter_bytes": 75000.0,
          "metadata_bytes": 25818.0,
          "bucket_stats": {
            "num_buckets": 390,
            "total_solution_bits": 1434207,
            "avg_solution_bits": 3677.4538461538464,
            "min_solution_bits": 3251,
            "max_solution_bits": 4234
          },
          "huffman_stats": {
            "num_unique_symbols": 4775,
            "max_code_length": 19,
            "avg_bits_per_symbol": 18.110366492146596,
            "code_length_distribution": [
              0,
              1,
              1,
              0,
              1,
              1,
              2,
              3,
              6,
              8,
              13,
              22,
              32,
              55,
              89,
              128,
              229,
              467,
              551,
              3166
            ]
          },
          "filter_stats": {
            "type": "bloom",
            "size_bytes": 75000,
            "num_elements": 0,
            "num_hashes": 2,
            "size_bits": 600000,
            "fingerprint_bits": null
          }
        },
        "tracemalloc": 664
      },
      "filter_params": {
        "bloom_bits_per_element": 3,
        "bloom_num_hashes": 2
      },
      "filter_type": "bloom"
    }
  ]
}