{
  "dataset": {
    "N": 100000,
    "alpha": 0.5,
    "target_alpha": 0.5,
    "minority_dist": "unique",
    "seed": 42
  },
  "results": [
    {
      "method": "hash_table",
      "construction_time_s": 0.0076011659984942526,
      "inference_ns": {
        "mean": 707.11,
        "median": 687.5,
        "std": 412.8170998154025,
        "min": 42.0,
        "max": 1709.0,
        "p95": 1458.05,
        "p99": 1709.0
      },
      "memory": {
        "theoretical": 1188890,
        "tracemalloc": 656
      },
      "filter_params": null,
      "filter_type": null
    },
    {
      "method": "cpp_hash_table",
      "construction_time_s": 0.011865791981108487,
      "inference_ns": {
        "mean": 894.15,
        "median": 583.0,
        "std": 792.8561707522998,
        "min": 167.0,
        "max": 4875.0,
        "p95": 2043.1,
        "p99": 4421.580000000003
      },
      "memory": {
        "theoretical": 1188890,
        "tracemalloc": 624
      },
      "filter_params": null,
      "filter_type": null
    },
    {
      "method": "csf_filter_optimal_binary_fuse",
      "construction_time_s": 0.09046637499704957,
      "inference_ns": {
        "mean": 315.13,
        "median": 292.0,
        "std": 118.25089048290502,
        "min": 167.0,
        "max": 666.0,
        "p95": 544.0499999999998,
        "p99": 625.4100000000002
      },
      "memory": {
        "serialized": 328915,
        "csf_stats": {
          "in_memory_bytes": 328735,
          "solution_bytes": 117352.0,
          "filter_bytes": 7168.0,
          "metadata_bytes": 204215.0,
          "bucket_stats": {
            "num_buckets": 243,
            "total_solution_bits": 931332,
            "avg_solution_bits": 3832.641975308642,
            "min_solution_bits": 3240,
            "max_solution_bits": 4531
          },
          "huffman_stats": {
            "num_unique_symbols": 50001,
            "max_code_length": 17,
            "avg_bits_per_symbol": 16.033639327213457,
            "code_length_distribution": [
              0,
              0,
              1,
              0,
              0,
              0,
              0,
              0,
              0,
              0,
              0,
              0,
              0,
              0,
              0,
              0,
              48304,
              1696
            ]
          },
          "filter_stats": {
            "type": "binary_fuse",
            "size_bytes": 7168,
            "num_elements": 50000,
            "num_hashes": null,
            "size_bits": null,
            "fingerprint_bits": 1
          }
        },
        "tracemalloc": 1280
      },
      "filter_params": {
        "fingerprint_bits": 1
      },
      "filter_type": "binary_fuse"
    },
    {
      "method": "csf_filter_shibuya_bloom",
      "construction_time_s": 0.08428658300545067,
      "inference_ns": {
        "mean": 342.59,
        "median": 333.0,
        "std": 122.69686996822698,
        "min": 167.0,
        "max": 667.0,
        "p95": 544.0499999999998,
        "p99": 584.8300000000004
      },
      "memory": {
        "serialized": 341483,
        "csf_stats": {
          "in_memory_bytes": 341360,
          "solution_bytes": 112336.0,
          "filter_bytes": 25000.0,
          "metadata_bytes": 204024.0,
          "bucket_stats": {
            "num_buckets": 232,
            "total_solution_bits": 891132,
            "avg_solution_bits": 3841.0862068965516,
            "min_solution_bits": 3237,
            "max_solution_bits": 4537
          },
          "huffman_stats": {
            "num_unique_symbols": 50001,
            "max_code_length": 16,
            "avg_bits_per_symbol": 15.852862942741146,
            "code_length_distribution": [
              0,
              0,
              0,
              1,
              0,
              0,
              0,
              0,
              0,
              0,
              0,
              0,
              0,
              0,
              0,
              7344,
              42656
            ]
          },
          "filter_stats": {
            "type": "bloom",
            "size_bytes": 25000,
            "num_elements": 0,
            "num_hashes": 3,
            "size_bits": 200000,
            "fingerprint_bits": null
          }
        },
        "tracemalloc": 1040
      },
      "filter_params": {
        "bloom_bits_per_element": 4,
        "bloom_num_hashes": 3
      },
      "filter_type": "bloom"
    }
  ]
}