{
  "dataset": {
    "N": 1000000,
    "alpha": 0.99,
    "target_alpha": 0.99,
    "minority_dist": "unique",
    "seed": 42
  },
  "results": [
    {
      "method": "hash_table",
      "construction_time_s": 0.12696445800247602,
      "inference_ns": {
        "mean": 662.53,
        "median": 625.0,
        "std": 355.7175411755794,
        "min": 83.0,
        "max": 2083.0,
        "p95": 1254.1499999999999,
        "p99": 1711.7500000000018
      },
      "memory": {
        "theoretical": 12888890,
        "tracemalloc": 168
      },
      "filter_params": null,
      "filter_type": null
    },
    {
      "method": "cpp_hash_table",
      "construction_time_s": 0.15024404099676758,
      "inference_ns": {
        "mean": 670.41,
        "median": 583.0,
        "std": 381.36691243473126,
        "min": 166.0,
        "max": 2334.0,
        "p95": 1346.4499999999994,
        "p99": 2003.3400000000017
      },
      "memory": {
        "theoretical": 12888890,
        "tracemalloc": 168
      },
      "filter_params": null,
      "filter_type": null
    },
    {
      "method": "csf_filter_optimal_binary_fuse",
      "construction_time_s": 0.13090608298080042,
      "inference_ns": {
        "mean": 230.91,
        "median": 209.0,
        "std": 71.00409776907247,
        "min": 166.0,
        "max": 584.0,
        "p95": 375.0,
        "p99": 500.84000000000043
      },
      "memory": {
        "serialized": 72189,
        "csf_stats": {
          "in_memory_bytes": 72009,
          "solution_bytes": 21952.0,
          "filter_bytes": 9216.0,
          "metadata_bytes": 40841.0,
          "bucket_stats": {
            "num_buckets": 45,
            "total_solution_bits": 174047,
            "avg_solution_bits": 3867.711111111111,
            "min_solution_bits": 3196,
            "max_solution_bits": 4353
          },
          "huffman_stats": {
            "num_unique_symbols": 10001,
            "max_code_length": 15,
            "avg_bits_per_symbol": 14.36026397360264,
            "code_length_distribution": [
              0,
              1,
              0,
              0,
              0,
              0,
              0,
              0,
              0,
              0,
              0,
              0,
              0,
              0,
              6384,
              3616
            ]
          },
          "filter_stats": {
            "type": "binary_fuse",
            "size_bytes": 9216,
            "num_elements": 10000,
            "num_hashes": null,
            "size_bits": null,
            "fingerprint_bits": 6
          }
        },
        "tracemalloc": 736
      },
      "filter_params": {
        "fingerprint_bits": 6
      },
      "filter_type": "binary_fuse"
    },
    {
      "method": "csf_filter_shibuya_bloom",
      "construction_time_s": 0.1592909999890253,
      "inference_ns": {
        "mean": 238.34,
        "median": 209.0,
        "std": 73.16477567791759,
        "min": 166.0,
        "max": 708.0,
        "p95": 336.0499999999999,
        "p99": 502.08000000000106
      },
      "memory": {
        "serialized": 73795,
        "csf_stats": {
          "in_memory_bytes": 73666,
          "solution_bytes": 21592.0,
          "filter_bytes": 11250.0,
          "metadata_bytes": 40824.0,
          "bucket_stats": {
            "num_buckets": 44,
            "total_solution_bits": 171362,
            "avg_solution_bits": 3894.590909090909,
            "min_solution_bits": 3273,
            "max_solution_bits": 4504
          },
          "huffman_stats": {
            "num_unique_symbols": 10001,
            "max_code_length": 15,
            "avg_bits_per_symbol": 14.36026397360264,
            "code_length_distribution": [
              0,
              1,
              0,
              0,
              0,
              0,
              0,
              0,
              0,
              0,
              0,
              0,
              0,
              0,
              6384,
              3616
            ]
          },
          "filter_stats": {
            "type": "bloom",
            "size_bytes": 11250,
            "num_elements": 0,
            "num_hashes": 6,
            "size_bits": 90000,
            "fingerprint_bits": null
          }
        },
        "tracemalloc": 664
      },
      "filter_params": {
        "bloom_bits_per_element": 9,
        "bloom_num_hashes": 6
      },
      "filter_type": "bloom"
    }
  ]
}