{
  "dataset": {
    "N": 1000000,
    "alpha": 0.5,
    "target_alpha": 0.5,
    "minority_dist": "unique",
    "seed": 42
  },
  "results": [
    {
      "method": "hash_table",
      "construction_time_s": 0.12626162500237115,
      "inference_ns": {
        "mean": 729.63,
        "median": 667.0,
        "std": 395.3262615865533,
        "min": 42.0,
        "max": 2167.0,
        "p95": 1340.2499999999995,
        "p99": 1671.0100000000025
      },
      "memory": {
        "theoretical": 12888890,
        "tracemalloc": 168
      },
      "filter_params": null,
      "filter_type": null
    },
    {
      "method": "cpp_hash_table",
      "construction_time_s": 0.15277712501119822,
      "inference_ns": {
        "mean": 700.4,
        "median": 562.5,
        "std": 479.4694567957379,
        "min": 208.0,
        "max": 3875.0,
        "p95": 1375.0,
        "p99": 1977.1700000000098
      },
      "memory": {
        "theoretical": 12888890,
        "tracemalloc": 168
      },
      "filter_params": null,
      "filter_type": null
    },
    {
      "method": "csf_filter_optimal_binary_fuse",
      "construction_time_s": 1.1704217090154998,
      "inference_ns": {
        "mean": 896.97,
        "median": 916.5,
        "std": 260.33069181331655,
        "min": 417.0,
        "max": 1625.0,
        "p95": 1295.1999999999998,
        "p99": 1418.090000000001
      },
      "memory": {
        "serialized": 3526682,
        "csf_stats": {
          "in_memory_bytes": 3526502,
          "solution_bytes": 1409216.0,
          "filter_bytes": 67584.0,
          "metadata_bytes": 2049702.0,
          "bucket_stats": {
            "num_buckets": 2918,
            "total_solution_bits": 11182133,
            "avg_solution_bits": 3832.1223440712815,
            "min_solution_bits": 2887,
            "max_solution_bits": 4873
          },
          "huffman_stats": {
            "num_unique_symbols": 500001,
            "max_code_length": 20,
            "avg_bits_per_symbol": 19.427101145797707,
            "code_length_distribution": [
              0,
              0,
              1,
              0,
              0,
              0,
              0,
              0,
              0,
              0,
              0,
              0,
              0,
              0,
              0,
              0,
              0,
              0,
              0,
              286432,
              213568
            ]
          },
          "filter_stats": {
            "type": "binary_fuse",
            "size_bytes": 67584,
            "num_elements": 500000,
            "num_hashes": null,
            "size_bits": null,
            "fingerprint_bits": 1
          }
        },
        "tracemalloc": 736
      },
      "filter_params": {
        "fingerprint_bits": 1
      },
      "filter_type": "binary_fuse"
    },
    {
      "method": "csf_filter_shibuya_bloom",
      "construction_time_s": 2.006835708016297,
      "inference_ns": {
        "mean": 817.86,
        "median": 770.5,
        "std": 492.6614460255644,
        "min": 417.0,
        "max": 5209.0,
        "p95": 1166.05,
        "p99": 1371.7600000000198
      },
      "memory": {
        "serialized": 3650283,
        "csf_stats": {
          "in_memory_bytes": 3650160,
          "solution_bytes": 1352464.0,
          "filter_bytes": 250000.0,
          "metadata_bytes": 2047696.0,
          "bucket_stats": {
            "num_buckets": 2800,
            "total_solution_bits": 10731973,
            "avg_solution_bits": 3832.8475,
            "min_solution_bits": 2961,
            "max_solution_bits": 4796
          },
          "huffman_stats": {
            "num_unique_symbols": 500001,
            "max_code_length": 20,
            "avg_bits_per_symbol": 19.16495967008066,
            "code_length_distribution": [
              0,
              0,
              0,
              1,
              0,
              0,
              0,
              0,
              0,
              0,
              0,
              0,
              0,
              0,
              0,
              0,
              0,
              0,
              0,
              417504,
              82496
            ]
          },
          "filter_stats": {
            "type": "bloom",
            "size_bytes": 250000,
            "num_elements": 0,
            "num_hashes": 3,
            "size_bits": 2000000,
            "fingerprint_bits": null
          }
        },
        "tracemalloc": 664
      },
      "filter_params": {
        "bloom_bits_per_element": 4,
        "bloom_num_hashes": 3
      },
      "filter_type": "bloom"
    }
  ]
}