{
  "dataset": {
    "N": 1000000,
    "alpha": 0.6,
    "target_alpha": 0.6,
    "minority_dist": "zipfian",
    "seed": 42
  },
  "results": [
    {
      "method": "hash_table",
      "construction_time_s": 0.13274333399021998,
      "inference_ns": {
        "mean": 720.44,
        "median": 583.0,
        "std": 432.6107562231896,
        "min": 42.0,
        "max": 1834.0,
        "p95": 1461.05,
        "p99": 1627.090000000001
      },
      "memory": {
        "theoretical": 12888890,
        "tracemalloc": 168
      },
      "filter_params": null,
      "filter_type": null
    },
    {
      "method": "cpp_hash_table",
      "construction_time_s": 0.1713889999955427,
      "inference_ns": {
        "mean": 1363.68,
        "median": 1375.0,
        "std": 780.4944443107843,
        "min": 167.0,
        "max": 4208.0,
        "p95": 2625.0,
        "p99": 3259.580000000005
      },
      "memory": {
        "theoretical": 12888890,
        "tracemalloc": 168
      },
      "filter_params": null,
      "filter_type": null
    },
    {
      "method": "csf_filter_optimal_binary_fuse",
      "construction_time_s": 0.4007819580147043,
      "inference_ns": {
        "mean": 380.33,
        "median": 375.0,
        "std": 107.51437624801623,
        "min": 208.0,
        "max": 834.0,
        "p95": 543.0999999999999,
        "p99": 627.090000000001
      },
      "memory": {
        "serialized": 449680,
        "csf_stats": {
          "in_memory_bytes": 449500,
          "solution_bytes": 351984.0,
          "filter_bytes": 54272.0,
          "metadata_bytes": 43244.0,
          "bucket_stats": {
            "num_buckets": 728,
            "total_solution_bits": 2792927,
            "avg_solution_bits": 3836.438186813187,
            "min_solution_bits": 3284,
            "max_solution_bits": 4373
          },
          "huffman_stats": {
            "num_unique_symbols": 7694,
            "max_code_length": 20,
            "avg_bits_per_symbol": 19.114764751754613,
            "code_length_distribution": [
              0,
              1,
              1,
              0,
              1,
              1,
              2,
              3,
              6,
              8,
              14,
              19,
              32,
              55,
              87,
              126,
              249,
              346,
              767,
              844,
              5132
            ]
          },
          "filter_stats": {
            "type": "binary_fuse",
            "size_bytes": 54272,
            "num_elements": 400000,
            "num_hashes": null,
            "size_bits": null,
            "fingerprint_bits": 1
          }
        },
        "tracemalloc": 736
      },
      "filter_params": {
        "fingerprint_bits": 1
      },
      "filter_type": "binary_fuse"
    },
    {
      "method": "csf_filter_shibuya_bloom",
      "construction_time_s": 0.4015875830082223,
      "inference_ns": {
        "mean": 396.2,
        "median": 375.0,
        "std": 104.20047984534428,
        "min": 250.0,
        "max": 792.0,
        "p95": 583.05,
        "p99": 668.2500000000007
      },
      "memory": {
        "serialized": 484750,
        "csf_stats": {
          "in_memory_bytes": 484627,
          "solution_bytes": 341744.0,
          "filter_bytes": 100000.0,
          "metadata_bytes": 42883.0,
          "bucket_stats": {
            "num_buckets": 707,
            "total_solution_bits": 2711399,
            "avg_solution_bits": 3835.0763790664782,
            "min_solution_bits": 3373,
            "max_solution_bits": 4387
          },
          "huffman_stats": {
            "num_unique_symbols": 7694,
            "max_code_length": 19,
            "avg_bits_per_symbol": 18.115154665973485,
            "code_length_distribution": [
              0,
              0,
              2,
              1,
              1,
              2,
              3,
              6,
              8,
              14,
              19,
              32,
              55,
              87,
              126,
              249,
              346,
              767,
              844,
              5132
            ]
          },
          "filter_stats": {
            "type": "bloom",
            "size_bytes": 100000,
            "num_elements": 0,
            "num_hashes": 1,
            "size_bits": 800000,
            "fingerprint_bits": null
          }
        },
        "tracemalloc": 664
      },
      "filter_params": {
        "bloom_bits_per_element": 2,
        "bloom_num_hashes": 1
      },
      "filter_type": "bloom"
    }
  ]
}