{
  "dataset": {
    "N": 100000,
    "alpha": 0.8,
    "target_alpha": 0.8,
    "minority_dist": "unique",
    "seed": 42
  },
  "results": [
    {
      "method": "hash_table",
      "construction_time_s": 0.006845458001407678,
      "inference_ns": {
        "mean": 721.69,
        "median": 687.5,
        "std": 472.55989451073816,
        "min": 42.0,
        "max": 2542.0,
        "p95": 1711.05,
        "p99": 2294.5000000000014
      },
      "memory": {
        "theoretical": 1188890,
        "tracemalloc": 656
      },
      "filter_params": null,
      "filter_type": null
    },
    {
      "method": "cpp_hash_table",
      "construction_time_s": 0.01224062499932188,
      "inference_ns": {
        "mean": 467.91,
        "median": 500.0,
        "std": 129.9078977583734,
        "min": 166.0,
        "max": 875.0,
        "p95": 667.0,
        "p99": 709.6700000000009
      },
      "memory": {
        "theoretical": 1188890,
        "tracemalloc": 624
      },
      "filter_params": null,
      "filter_type": null
    },
    {
      "method": "csf_filter_optimal_binary_fuse",
      "construction_time_s": 0.042714041999715846,
      "inference_ns": {
        "mean": 319.97,
        "median": 209.0,
        "std": 477.1439291241166,
        "min": 166.0,
        "max": 4792.0,
        "p95": 586.0499999999998,
        "p99": 1409.1700000000176
      },
      "memory": {
        "serialized": 132791,
        "csf_stats": {
          "in_memory_bytes": 132611,
          "solution_bytes": 47872.0,
          "filter_bytes": 2976.0,
          "metadata_bytes": 81763.0,
          "bucket_stats": {
            "num_buckets": 99,
            "total_solution_bits": 379747,
            "avg_solution_bits": 3835.8282828282827,
            "min_solution_bits": 3140,
            "max_solution_bits": 4345
          },
          "huffman_stats": {
            "num_unique_symbols": 20001,
            "max_code_length": 16,
            "avg_bits_per_symbol": 15.360881955902205,
            "code_length_distribution": [
              0,
              1,
              0,
              0,
              0,
              0,
              0,
              0,
              0,
              0,
              0,
              0,
              0,
              0,
              0,
              12768,
              7232
            ]
          },
          "filter_stats": {
            "type": "binary_fuse",
            "size_bytes": 2976,
            "num_elements": 20000,
            "num_hashes": null,
            "size_bits": null,
            "fingerprint_bits": 1
          }
        },
        "tracemalloc": 1280
      },
      "filter_params": {
        "fingerprint_bits": 1
      },
      "filter_type": "binary_fuse"
    },
    {
      "method": "csf_filter_shibuya_bloom",
      "construction_time_s": 0.04671287500059407,
      "inference_ns": {
        "mean": 291.76,
        "median": 250.0,
        "std": 114.16567960643866,
        "min": 166.0,
        "max": 708.0,
        "p95": 500.0,
        "p99": 625.8300000000004
      },
      "memory": {
        "serialized": 136879,
        "csf_stats": {
          "in_memory_bytes": 136752,
          "solution_bytes": 42680.0,
          "filter_bytes": 12500.0,
          "metadata_bytes": 81572.0,
          "bucket_stats": {
            "num_buckets": 88,
            "total_solution_bits": 339018,
            "avg_solution_bits": 3852.4772727272725,
            "min_solution_bits": 3348,
            "max_solution_bits": 4375
          },
          "huffman_stats": {
            "num_unique_symbols": 20001,
            "max_code_length": 15,
            "avg_bits_per_symbol": 14.770561471926404,
            "code_length_distribution": [
              0,
              0,
              1,
              0,
              0,
              0,
              0,
              0,
              0,
              0,
              0,
              0,
              0,
              0,
              4576,
              15424
            ]
          },
          "filter_stats": {
            "type": "bloom",
            "size_bytes": 12500,
            "num_elements": 0,
            "num_hashes": 3,
            "size_bits": 100000,
            "fingerprint_bits": null
          }
        },
        "tracemalloc": 1040
      },
      "filter_params": {
        "bloom_bits_per_element": 5,
        "bloom_num_hashes": 3
      },
      "filter_type": "bloom"
    },
    {
      "method": "java_csf",
      "construction_time_s": 0.31119,
      "inference_ns": {
        "mean": 896.0,
        "median": 875.0,
        "std": 197.0,
        "min": 708,
        "max": 2125,
        "p95": 1083.0,
        "p99": 1960.0
      },
      "memory": {
        "num_bits": 1713779,
        "serialized_bytes": 215402
      },
      "filter_params": {
        "codec": "Huffman"
      },
      "filter_type": null
    }
  ]
}