{
  "dataset": {
    "N": 100000,
    "alpha": 0.7,
    "target_alpha": 0.7,
    "minority_dist": "zipfian",
    "seed": 42
  },
  "results": [
    {
      "method": "hash_table",
      "construction_time_s": 0.008046207978622988,
      "inference_ns": {
        "mean": 382.53,
        "median": 416.0,
        "std": 160.9851828585476,
        "min": 83.0,
        "max": 875.0,
        "p95": 750.0,
        "p99": 833.4200000000002
      },
      "memory": {
        "theoretical": 1188890,
        "tracemalloc": 168
      },
      "filter_params": null,
      "filter_type": null
    },
    {
      "method": "cpp_hash_table",
      "construction_time_s": 0.013335875002667308,
      "inference_ns": {
        "mean": 544.54,
        "median": 562.5,
        "std": 145.49374007152335,
        "min": 208.0,
        "max": 1041.0,
        "p95": 750.0,
        "p99": 835.0800000000011
      },
      "memory": {
        "theoretical": 1188890,
        "tracemalloc": 168
      },
      "filter_params": null,
      "filter_type": null
    },
    {
      "method": "csf_filter_optimal_binary_fuse",
      "construction_time_s": 0.030551375006325543,
      "inference_ns": {
        "mean": 274.16,
        "median": 250.0,
        "std": 74.75529680230024,
        "min": 208.0,
        "max": 583.0,
        "p95": 458.0,
        "p99": 500.83000000000044
      },
      "memory": {
        "serialized": 39030,
        "csf_stats": {
          "in_memory_bytes": 38850,
          "solution_bytes": 27808.0,
          "filter_bytes": 4416.0,
          "metadata_bytes": 6626.0,
          "bucket_stats": {
            "num_buckets": 66,
            "total_solution_bits": 220460,
            "avg_solution_bits": 3340.3030303030305,
            "min_solution_bits": 2972,
            "max_solution_bits": 3716
          },
          "huffman_stats": {
            "num_unique_symbols": 1357,
            "max_code_length": 16,
            "avg_bits_per_symbol": 15.20265291083272,
            "code_length_distribution": [
              0,
              1,
              1,
              0,
              1,
              1,
              2,
              3,
              5,
              9,
              15,
              18,
              33,
              56,
              100,
              200,
              912
            ]
          },
          "filter_stats": {
            "type": "binary_fuse",
            "size_bytes": 4416,
            "num_elements": 30000,
            "num_hashes": null,
            "size_bits": null,
            "fingerprint_bits": 1
          }
        },
        "tracemalloc": 736
      },
      "filter_params": {
        "fingerprint_bits": 1
      },
      "filter_type": "binary_fuse"
    },
    {
      "method": "csf_filter_shibuya_bloom",
      "construction_time_s": 0.0327189170056954,
      "inference_ns": {
        "mean": 297.92,
        "median": 291.0,
        "std": 68.0995859018247,
        "min": 208.0,
        "max": 584.0,
        "p95": 458.0,
        "p99": 542.4200000000002
      },
      "memory": {
        "serialized": 42682,
        "csf_stats": {
          "in_memory_bytes": 42553,
          "solution_bytes": 24936.0,
          "filter_bytes": 11250.0,
          "metadata_bytes": 6367.0,
          "bucket_stats": {
            "num_buckets": 51,
            "total_solution_bits": 197921,
            "avg_solution_bits": 3880.8039215686276,
            "min_solution_bits": 3446,
            "max_solution_bits": 4171
          },
          "huffman_stats": {
            "num_unique_symbols": 1357,
            "max_code_length": 15,
            "avg_bits_per_symbol": 14.204863669859986,
            "code_length_distribution": [
              0,
              0,
              2,
              1,
              1,
              2,
              3,
              5,
              9,
              15,
              18,
              33,
              56,
              100,
              200,
              912
            ]
          },
          "filter_stats": {
            "type": "bloom",
            "size_bytes": 11250,
            "num_elements": 0,
            "num_hashes": 2,
            "size_bits": 90000,
            "fingerprint_bits": null
          }
        },
        "tracemalloc": 664
      },
      "filter_params": {
        "bloom_bits_per_element": 3,
        "bloom_num_hashes": 2
      },
      "filter_type": "bloom"
    }
  ]
}