{
  "dataset": {
    "N": 1000000,
    "alpha": 0.95,
    "target_alpha": 0.95,
    "minority_dist": "unique",
    "seed": 42
  },
  "results": [
    {
      "method": "hash_table",
      "construction_time_s": 0.13954133400693536,
      "inference_ns": {
        "mean": 720.04,
        "median": 666.0,
        "std": 463.5060068650675,
        "min": 42.0,
        "max": 3209.0,
        "p95": 1506.2499999999995,
        "p99": 2300.180000000005
      },
      "memory": {
        "theoretical": 12888890,
        "tracemalloc": 168
      },
      "filter_params": null,
      "filter_type": null
    },
    {
      "method": "cpp_hash_table",
      "construction_time_s": 0.158841291005956,
      "inference_ns": {
        "mean": 916.97,
        "median": 666.5,
        "std": 646.8182040573688,
        "min": 208.0,
        "max": 3917.0,
        "p95": 1795.1999999999998,
        "p99": 3751.670000000001
      },
      "memory": {
        "theoretical": 12888890,
        "tracemalloc": 168
      },
      "filter_params": null,
      "filter_type": null
    },
    {
      "method": "csf_filter_optimal_binary_fuse",
      "construction_time_s": 0.19237987499218434,
      "inference_ns": {
        "mean": 216.63,
        "median": 167.0,
        "std": 98.25677126793859,
        "min": 125.0,
        "max": 667.0,
        "p95": 419.0499999999999,
        "p99": 583.8400000000004
      },
      "memory": {
        "serialized": 356599,
        "csf_stats": {
          "in_memory_bytes": 356419,
          "solution_bytes": 123328.0,
          "filter_bytes": 28672.0,
          "metadata_bytes": 204419.0,
          "bucket_stats": {
            "num_buckets": 255,
            "total_solution_bits": 978149,
            "avg_solution_bits": 3835.878431372549,
            "min_solution_bits": 3197,
            "max_solution_bits": 4479
          },
          "huffman_stats": {
            "num_unique_symbols": 50001,
            "max_code_length": 17,
            "avg_bits_per_symbol": 16.688966220675585,
            "code_length_distribution": [
              0,
              1,
              0,
              0,
              0,
              0,
              0,
              0,
              0,
              0,
              0,
              0,
              0,
              0,
              0,
              0,
              15536,
              34464
            ]
          },
          "filter_stats": {
            "type": "binary_fuse",
            "size_bytes": 28672,
            "num_elements": 50000,
            "num_hashes": null,
            "size_bits": null,
            "fingerprint_bits": 4
          }
        },
        "tracemalloc": 736
      },
      "filter_params": {
        "fingerprint_bits": 4
      },
      "filter_type": "binary_fuse"
    },
    {
      "method": "csf_filter_shibuya_bloom",
      "construction_time_s": 0.21817920901230536,
      "inference_ns": {
        "mean": 279.24,
        "median": 250.0,
        "std": 122.58859000739017,
        "min": 167.0,
        "max": 917.0,
        "p95": 586.0499999999998,
        "p99": 710.090000000001
      },
      "memory": {
        "serialized": 364340,
        "csf_stats": {
          "in_memory_bytes": 364213,
          "solution_bytes": 122328.0,
          "filter_bytes": 37500.0,
          "metadata_bytes": 204385.0,
          "bucket_stats": {
            "num_buckets": 253,
            "total_solution_bits": 971170,
            "avg_solution_bits": 3838.616600790514,
            "min_solution_bits": 3192,
            "max_solution_bits": 4456
          },
          "huffman_stats": {
            "num_unique_symbols": 50001,
            "max_code_length": 17,
            "avg_bits_per_symbol": 16.688966220675585,
            "code_length_distribution": [
              0,
              1,
              0,
              0,
              0,
              0,
              0,
              0,
              0,
              0,
              0,
              0,
              0,
              0,
              0,
              0,
              15536,
              34464
            ]
          },
          "filter_stats": {
            "type": "bloom",
            "size_bytes": 37500,
            "num_elements": 0,
            "num_hashes": 4,
            "size_bits": 300000,
            "fingerprint_bits": null
          }
        },
        "tracemalloc": 664
      },
      "filter_params": {
        "bloom_bits_per_element": 6,
        "bloom_num_hashes": 4
      },
      "filter_type": "bloom"
    }
  ]
}