{
  "dataset": {
    "N": 1000000,
    "alpha": 0.5,
    "target_alpha": 0.5,
    "minority_dist": "uniform_100",
    "seed": 42
  },
  "results": [
    {
      "method": "hash_table",
      "construction_time_s": 0.12080187498941086,
      "inference_ns": {
        "mean": 642.9,
        "median": 458.0,
        "std": 497.2526018031479,
        "min": 41.0,
        "max": 2459.0,
        "p95": 1550.2999999999995,
        "p99": 2375.8400000000006
      },
      "memory": {
        "theoretical": 12888890,
        "tracemalloc": 168
      },
      "filter_params": null,
      "filter_type": null
    },
    {
      "method": "cpp_hash_table",
      "construction_time_s": 0.16011895801057108,
      "inference_ns": {
        "mean": 787.55,
        "median": 625.0,
        "std": 530.3137632571871,
        "min": 167.0,
        "max": 3334.0,
        "p95": 1805.5999999999992,
        "p99": 2219.2600000000057
      },
      "memory": {
        "theoretical": 12888890,
        "tracemalloc": 168
      },
      "filter_params": null,
      "filter_type": null
    },
    {
      "method": "csf_filter_optimal_binary_fuse",
      "construction_time_s": 0.4405071249930188,
      "inference_ns": {
        "mean": 452.4,
        "median": 416.0,
        "std": 320.73774333557935,
        "min": 250.0,
        "max": 3417.0,
        "p95": 625.0,
        "p99": 900.420000000013
      },
      "memory": {
        "serialized": 643422,
        "csf_stats": {
          "in_memory_bytes": 643242,
          "solution_bytes": 555592.0,
          "filter_bytes": 67584.0,
          "metadata_bytes": 20066.0,
          "bucket_stats": {
            "num_buckets": 1154,
            "total_solution_bits": 4408542,
            "avg_solution_bits": 3820.2270363951475,
            "min_solution_bits": 3167,
            "max_solution_bits": 4361
          },
          "huffman_stats": {
            "num_unique_symbols": 101,
            "max_code_length": 8,
            "avg_bits_per_symbol": 7.02970297029703,
            "code_length_distribution": [
              0,
              0,
              1,
              0,
              0,
              0,
              0,
              92,
              8
            ]
          },
          "filter_stats": {
            "type": "binary_fuse",
            "size_bytes": 67584,
            "num_elements": 500000,
            "num_hashes": null,
            "size_bits": null,
            "fingerprint_bits": 1
          }
        },
        "tracemalloc": 736
      },
      "filter_params": {
        "fingerprint_bits": 1
      },
      "filter_type": "binary_fuse"
    },
    {
      "method": "csf_filter_shibuya_bloom",
      "construction_time_s": 0.5543402080074884,
      "inference_ns": {
        "mean": 409.57,
        "median": 375.0,
        "std": 104.1174581902574,
        "min": 250.0,
        "max": 667.0,
        "p95": 625.0,
        "p99": 667.0
      },
      "memory": {
        "serialized": 685454,
        "csf_stats": {
          "in_memory_bytes": 685331,
          "solution_bytes": 540792.0,
          "filter_bytes": 125000.0,
          "metadata_bytes": 19539.0,
          "bucket_stats": {
            "num_buckets": 1123,
            "total_solution_bits": 4291558,
            "avg_solution_bits": 3821.5120213713267,
            "min_solution_bits": 3257,
            "max_solution_bits": 4308
          },
          "huffman_stats": {
            "num_unique_symbols": 101,
            "max_code_length": 8,
            "avg_bits_per_symbol": 7.02970297029703,
            "code_length_distribution": [
              0,
              0,
              1,
              0,
              0,
              0,
              0,
              92,
              8
            ]
          },
          "filter_stats": {
            "type": "bloom",
            "size_bytes": 125000,
            "num_elements": 0,
            "num_hashes": 1,
            "size_bits": 1000000,
            "fingerprint_bits": null
          }
        },
        "tracemalloc": 664
      },
      "filter_params": {
        "bloom_bits_per_element": 2,
        "bloom_num_hashes": 1
      },
      "filter_type": "bloom"
    }
  ]
}