{
  "dataset": {
    "N": 100000,
    "alpha": 0.9,
    "target_alpha": 0.9,
    "minority_dist": "unique",
    "seed": 42
  },
  "results": [
    {
      "method": "hash_table",
      "construction_time_s": 0.006787499994970858,
      "inference_ns": {
        "mean": 390.0,
        "median": 416.0,
        "std": 161.8199616858192,
        "min": 42.0,
        "max": 1166.0,
        "p95": 667.0,
        "p99": 713.5700000000023
      },
      "memory": {
        "theoretical": 1188890,
        "tracemalloc": 168
      },
      "filter_params": null,
      "filter_type": null
    },
    {
      "method": "cpp_hash_table",
      "construction_time_s": 0.011410625011194497,
      "inference_ns": {
        "mean": 512.07,
        "median": 520.5,
        "std": 165.07375654536975,
        "min": 166.0,
        "max": 1167.0,
        "p95": 752.0999999999999,
        "p99": 1043.2500000000007
      },
      "memory": {
        "theoretical": 1188890,
        "tracemalloc": 168
      },
      "filter_params": null,
      "filter_type": null
    },
    {
      "method": "csf_filter_optimal_binary_fuse",
      "construction_time_s": 0.032390209002187476,
      "inference_ns": {
        "mean": 223.73,
        "median": 208.0,
        "std": 100.77706633951992,
        "min": 125.0,
        "max": 750.0,
        "p95": 419.0499999999999,
        "p99": 626.2500000000007
      },
      "memory": {
        "serialized": 66924,
        "csf_stats": {
          "in_memory_bytes": 66744,
          "solution_bytes": 21312.0,
          "filter_bytes": 4608.0,
          "metadata_bytes": 40824.0,
          "bucket_stats": {
            "num_buckets": 44,
            "total_solution_bits": 169353,
            "avg_solution_bits": 3848.931818181818,
            "min_solution_bits": 3351,
            "max_solution_bits": 4317
          },
          "huffman_stats": {
            "num_unique_symbols": 10001,
            "max_code_length": 15,
            "avg_bits_per_symbol": 14.36026397360264,
            "code_length_distribution": [
              0,
              1,
              0,
              0,
              0,
              0,
              0,
              0,
              0,
              0,
              0,
              0,
              0,
              0,
              6384,
              3616
            ]
          },
          "filter_stats": {
            "type": "binary_fuse",
            "size_bytes": 4608,
            "num_elements": 10000,
            "num_hashes": null,
            "size_bits": null,
            "fingerprint_bits": 3
          }
        },
        "tracemalloc": 736
      },
      "filter_params": {
        "fingerprint_bits": 3
      },
      "filter_type": "binary_fuse"
    },
    {
      "method": "csf_filter_shibuya_bloom",
      "construction_time_s": 0.029466708976542577,
      "inference_ns": {
        "mean": 258.82,
        "median": 209.0,
        "std": 88.81794638472566,
        "min": 166.0,
        "max": 625.0,
        "p95": 459.0,
        "p99": 501.2500000000006
      },
      "memory": {
        "serialized": 68138,
        "csf_stats": {
          "in_memory_bytes": 68009,
          "solution_bytes": 20952.0,
          "filter_bytes": 6250.0,
          "metadata_bytes": 40807.0,
          "bucket_stats": {
            "num_buckets": 43,
            "total_solution_bits": 166138,
            "avg_solution_bits": 3863.6744186046512,
            "min_solution_bits": 3446,
            "max_solution_bits": 4283
          },
          "huffman_stats": {
            "num_unique_symbols": 10001,
            "max_code_length": 15,
            "avg_bits_per_symbol": 14.36026397360264,
            "code_length_distribution": [
              0,
              1,
              0,
              0,
              0,
              0,
              0,
              0,
              0,
              0,
              0,
              0,
              0,
              0,
              6384,
              3616
            ]
          },
          "filter_stats": {
            "type": "bloom",
            "size_bytes": 6250,
            "num_elements": 0,
            "num_hashes": 3,
            "size_bits": 50000,
            "fingerprint_bits": null
          }
        },
        "tracemalloc": 664
      },
      "filter_params": {
        "bloom_bits_per_element": 5,
        "bloom_num_hashes": 3
      },
      "filter_type": "bloom"
    }
  ]
}